"source","term_name","term_id","highlighted","adjusted_p_value","negative_log10_of_adjusted_p_value","term_size","query_size","intersection_size","effective_domain_size","intersections"
"GO:MF","olfactory receptor activity","GO:0004984","true","7.401102260756883e-8","7.130703595118312","397","590","38","20246","OR51B6,OR11L1,OR11G2,OR51Q1,OR2M7,OR8S1,OR4K1,OR8H2,OR4N2,OR8D1,OR2F2,OR5B3,OR1L8,OR5F1,OR5W2,OR4C5,OR4X1,OR2D3,OR2AG2,OR52W1,OR52J3,OR10H3,OR4L1,OR6S1,OR2C1,OR4A16,OR52E4,OR4C12,OR6B1,OR4A5,OR5M11,OR4K15,OR2T27,OR2G2,OR14I1,OR6N1,OR10J1,OR5AC2"
"GO:MF","transmembrane signaling receptor activity","GO:0004888","false","0.00014715391224144871","3.8322281872355415","1307","590","71","20246","OR51B6,IL1RL1,PKD1L3,OR11L1,OR11G2,ADGRA1,OR51Q1,OR2M7,OR8S1,OR4K1,OR8H2,OR4N2,CLEC1B,OR8D1,PATE1,OR2F2,HCAR3,EDA2R,OR5B3,NRP1,OR1L8,CD72,OR5F1,OR5W2,OR4C5,OR4X1,OR2D3,OR2AG2,OR52W1,OR52J3,DCC,OR10H3,PECAM1,ITGB2,LTBP4,OR4L1,OR6S1,OR2C1,OR4A16,OR52E4,OR4C12,VIPR2,MET,IL22RA1,IL23R,TAS2R38,OR6B1,OR4A5,GABRG1,OR5M11,OR4K15,CLEC12A,KLRC4,CHRNA9,HTR3D,HTR3E,ADGRF5,ADGRF4,ADGRV1,OR2T27,CR2,TLR5,TMEM63A,OR2G2,OR14I1,LGR6,OR6N1,OR10J1,EPHA6,OR5AC2,GPR35"
"GO:MF","molecular transducer activity","GO:0060089","false","0.0018299595193979564","2.7375585172075705","2053","590","95","20246","OR51B6,IL1RL1,PKD1L3,OR11L1,OR11G2,ADGRA1,OR51Q1,OR2M7,SEMA6C,OR8S1,OR4K1,OR8H2,OR4N2,CLEC1B,OR8D1,PATE1,OR2F2,HCAR3,EDA2R,OR5B3,NRP1,OR1L8,TNFSF15,CD72,OR5F1,OR5W2,OR4C5,OR4X1,OR2D3,OR2AG2,OR52W1,OR52J3,INS,DCC,OR10H3,PECAM1,COLEC12,BMP2,ITGB2,LTBP4,CD33,OR4L1,OR6S1,OR2C1,OR4A16,OR52E4,OR4C12,TRIM5,VIPR2,MET,ALKBH1,DKK2,IL22RA1,IL23R,TAS2R38,OR6B1,GNRH1,WNT16,FCRL1,DMBT1,OR4A5,GABRG1,NPVF,OR5M11,OR4K15,NTF3,CLEC12A,KLRC4,PDE3A,CHRNA9,BMP3,HTR3D,HTR3E,ADGRF5,ADGRF4,PKHD1,ADGRV1,FBN2,OR2T27,CR2,TLR5,TMEM63A,OR2G2,OR14I1,IL1F10,LGR6,TSHB,NGF,PGLYRP4,OR6N1,OR10J1,EPHA6,OR5AC2,BTLA,GPR35"
"GO:MF","signaling receptor activity","GO:0038023","false","0.0018299595193979564","2.7375585172075705","2053","590","95","20246","OR51B6,IL1RL1,PKD1L3,OR11L1,OR11G2,ADGRA1,OR51Q1,OR2M7,SEMA6C,OR8S1,OR4K1,OR8H2,OR4N2,CLEC1B,OR8D1,PATE1,OR2F2,HCAR3,EDA2R,OR5B3,NRP1,OR1L8,TNFSF15,CD72,OR5F1,OR5W2,OR4C5,OR4X1,OR2D3,OR2AG2,OR52W1,OR52J3,INS,DCC,OR10H3,PECAM1,COLEC12,BMP2,ITGB2,LTBP4,CD33,OR4L1,OR6S1,OR2C1,OR4A16,OR52E4,OR4C12,TRIM5,VIPR2,MET,ALKBH1,DKK2,IL22RA1,IL23R,TAS2R38,OR6B1,GNRH1,WNT16,FCRL1,DMBT1,OR4A5,GABRG1,NPVF,OR5M11,OR4K15,NTF3,CLEC12A,KLRC4,PDE3A,CHRNA9,BMP3,HTR3D,HTR3E,ADGRF5,ADGRF4,PKHD1,ADGRV1,FBN2,OR2T27,CR2,TLR5,TMEM63A,OR2G2,OR14I1,IL1F10,LGR6,TSHB,NGF,PGLYRP4,OR6N1,OR10J1,EPHA6,OR5AC2,BTLA,GPR35"
"GO:MF","G protein-coupled receptor activity","GO:0004930","false","0.007880158426617725","2.103465051150771","839","590","47","20246","OR51B6,OR11L1,OR11G2,ADGRA1,OR51Q1,OR2M7,OR8S1,OR4K1,OR8H2,OR4N2,OR8D1,OR2F2,HCAR3,OR5B3,OR1L8,OR5F1,OR5W2,OR4C5,OR4X1,OR2D3,OR2AG2,OR52W1,OR52J3,OR10H3,OR4L1,OR6S1,OR2C1,OR4A16,OR52E4,OR4C12,VIPR2,TAS2R38,OR6B1,OR4A5,OR5M11,OR4K15,ADGRF5,ADGRF4,ADGRV1,OR2T27,OR2G2,OR14I1,LGR6,OR6N1,OR10J1,OR5AC2,GPR35"
"GO:MF","extracellular matrix structural constituent","GO:0005201","true","0.016469607861655664","1.783316741179154","167","590","16","20246","MUC3A,MUC17,ACAN,FRAS1,TNC,LAMA1,MATN2,COL5A3,COL18A1,LTBP4,COL24A1,COL9A1,FBN2,LAMC1,COL4A4,COL4A3"
"GO:MF","dynein intermediate chain binding","GO:0045505","true","0.04316669275446976","1.3648512238363184","37","590","7","20246","SPTBN5,DNAH17,DNHD1,DNAH10,BICD1,DNAH5,DNAH8"
"GO:MF","minus-end-directed microtubule motor activity","GO:0008569","true","0.04978178232387745","1.3029295585195477","17","590","5","20246","DNAH17,DNHD1,DNAH10,DNAH5,DNAH8"
"GO:BP","detection of chemical stimulus involved in sensory perception of smell","GO:0050911","true","4.774189226874821e-8","7.321100371554878","398","570","38","21026","OR51B6,OR11L1,OR11G2,OR51Q1,OR2M7,OR8S1,OR4K1,OR8H2,OR4N2,OR8D1,OR2F2,OR5B3,OR1L8,OR5F1,OR5W2,OR4C5,OR4X1,OR2D3,OR2AG2,OR52W1,OR52J3,OR10H3,OR4L1,OR6S1,OR2C1,OR4A16,OR52E4,OR4C12,OR6B1,OR4A5,OR5M11,OR4K15,OR2T27,OR2G2,OR14I1,OR6N1,OR10J1,OR5AC2"
"GO:BP","detection of chemical stimulus involved in sensory perception","GO:0050907","false","8.406832511421016e-8","7.075367604907117","444","570","40","21026","OR51B6,PKD1L3,OR11L1,OR11G2,OR51Q1,OR2M7,OR8S1,OR4K1,OR8H2,OR4N2,OR8D1,OR2F2,OR5B3,OR1L8,OR5F1,OR5W2,OR4C5,OR4X1,OR2D3,OR2AG2,OR52W1,OR52J3,OR10H3,OR4L1,OR6S1,OR2C1,OR4A16,OR52E4,OR4C12,TAS2R38,OR6B1,OR4A5,OR5M11,OR4K15,OR2T27,OR2G2,OR14I1,OR6N1,OR10J1,OR5AC2"
"GO:BP","detection of stimulus involved in sensory perception","GO:0050906","false","2.1224526365569126e-7","6.673161992443956","518","570","43","21026","OR51B6,PKD1L3,OR11L1,OR11G2,OR51Q1,OR2M7,OR8S1,OR4K1,OR8H2,OR4N2,OR8D1,OR2F2,OR5B3,OR1L8,OR5F1,OR5W2,OR4C5,OR4X1,OR2D3,OR2AG2,OR52W1,OR52J3,OR10H3,PIEZO2,OR4L1,OR6S1,OR2C1,OR4A16,OR52E4,OR4C12,TAS2R38,OR6B1,OR4A5,OR5M11,OR4K15,CHRNA9,ADGRV1,OR2T27,OR2G2,OR14I1,OR6N1,OR10J1,OR5AC2"
"GO:BP","detection of chemical stimulus","GO:0009593","false","2.641805072659765e-7","6.57809923024585","481","570","41","21026","OR51B6,PKD1L3,OR11L1,OR11G2,OR51Q1,OR2M7,OR8S1,OR4K1,OR8H2,OR4N2,OR8D1,OR2F2,SYT1,OR5B3,OR1L8,OR5F1,OR5W2,OR4C5,OR4X1,OR2D3,OR2AG2,OR52W1,OR52J3,OR10H3,OR4L1,OR6S1,OR2C1,OR4A16,OR52E4,OR4C12,TAS2R38,OR6B1,OR4A5,OR5M11,OR4K15,OR2T27,OR2G2,OR14I1,OR6N1,OR10J1,OR5AC2"
"GO:BP","sensory perception of smell","GO:0007608","false","3.529231991514115e-7","6.4523197926678275","426","570","38","21026","OR51B6,OR11L1,OR11G2,OR51Q1,OR2M7,OR8S1,OR4K1,OR8H2,OR4N2,OR8D1,OR2F2,OR5B3,OR1L8,OR5F1,OR5W2,OR4C5,OR4X1,OR2D3,OR2AG2,OR52W1,OR52J3,OR10H3,OR4L1,OR6S1,OR2C1,OR4A16,OR52E4,OR4C12,OR6B1,OR4A5,OR5M11,OR4K15,OR2T27,OR2G2,OR14I1,OR6N1,OR10J1,OR5AC2"
"GO:BP","detection of stimulus","GO:0051606","false","7.064959645025393e-7","6.150890314493815","645","570","48","21026","OR51B6,PKD1L3,OR11L1,TTN,OR11G2,OR51Q1,OR2M7,OR8S1,OR4K1,OR8H2,OR4N2,OR8D1,OR2F2,CRTAM,SYT1,OR5B3,OR1L8,OR5F1,OR5W2,OR4C5,OR4X1,OR2D3,OR2AG2,OR52W1,OR52J3,OR10H3,PIEZO2,OR4L1,OR6S1,OR2C1,PKD1L2,OR4A16,OR52E4,OR4C12,TAS2R38,OR6B1,OR4A5,OR5M11,OR4K15,CHRNA9,ADGRV1,OR2T27,OR2G2,OR14I1,PGLYRP4,OR6N1,OR10J1,OR5AC2"
"GO:BP","sensory perception of chemical stimulus","GO:0007606","false","0.000003091387271142323","5.5098465856242544","501","570","40","21026","OR51B6,PKD1L3,OR11L1,OR11G2,OR51Q1,OR2M7,OR8S1,OR4K1,OR8H2,OR4N2,OR8D1,OR2F2,OR5B3,OR1L8,OR5F1,OR5W2,OR4C5,OR4X1,OR2D3,OR2AG2,OR52W1,OR52J3,OR10H3,OR4L1,OR6S1,OR2C1,OR4A16,OR52E4,OR4C12,TAS2R38,OR6B1,OR4A5,OR5M11,OR4K15,OR2T27,OR2G2,OR14I1,OR6N1,OR10J1,OR5AC2"
"GO:BP","organelle organization","GO:0006996","true","0.00010697630761505986","3.970712396252918","3594","570","148","21026","MYO3A,GAA,SPTBN5,TTN,ARHGEF5,DNAH17,DNHD1,COBL,NEB,OBSCN,EXO1,SYNE2,AKAP13,GEN1,NRAP,TACC2,SAXO1,CROCC,KIZ,THSD7A,PPFIBP1,USPL1,MCPH1,COG3,ESYT2,AVIL,NME8,CFAP54,SYT1,MDM1,KRT81,KRT7,SCIN,BICD1,SRGN,NRP1,FAM171A1,KIF24,NTMT1,VPS37C,RP1L1,PEX16,USH1C,INS,MKI67,TBC1D4,ACTL9,PNPLA3,AXIN2,ACOX1,USP36,RNF213,CCDC57,WBP2NL,UQCC1,ACTR5,FTCD,PCNT,MTMR4,ADPRHL1,KNL1,PATL2,ATP8B4,EME1,HSP90AA1,EML1,CHMP4A,BAIAP3,MYO15A,LLGL1,KRT24,KRT13,BRCA1,SMIM22,PPL,PRKCB,SMPD3,COG4,HYDIN,CCDC170,DNAH5,INCENP,CKAP2,CLN5,SLAIN1,TMED5,MET,SEC31B,COG6,MTCH1,SYT11,SYNE1,MYOM3,MAST2,KANK4,DNAJC11,RMDN1,KDM4A,CGNL1,CSRP2,PSME4,RAB23,LRGUK,ZNF365,SNX19,WNK1,PDE3A,DDX11,SPATA18,TMEM165,TTC29,TF,DZIP1L,AP2M1,HRG,TBC1D14,SYCP2L,DNAH8,PKHD1,DST,LCA5,ASCC3,ARMC2,HUS1B,ATP10B,THG1L,ZFYVE16,EPB41L4A,NSL1,DRC1,COX7A2L,ALMS1,SPTA1,SEC16B,CEP350,GCC2,CFAP221,SETD2,ULK4,NISCH,TMEM43,GPR35,TTC21B,MYO3B,FSIP2,ALS2,PIKFYVE,ESPNL"
"GO:BP","cytoskeleton organization","GO:0007010","false","0.00023746374639572326","3.624402684742696","1529","570","77","21026","MYO3A,SPTBN5,TTN,ARHGEF5,DNAH17,COBL,NEB,OBSCN,SYNE2,AKAP13,GEN1,NRAP,TACC2,CROCC,KIZ,THSD7A,PPFIBP1,MCPH1,AVIL,MDM1,KRT81,KRT7,SCIN,BICD1,NRP1,FAM171A1,KIF24,NTMT1,RP1L1,USH1C,ACTL9,CCDC57,FTCD,PCNT,ADPRHL1,EML1,CHMP4A,MYO15A,LLGL1,KRT24,KRT13,BRCA1,SMIM22,PPL,HYDIN,CCDC170,DNAH5,INCENP,CKAP2,SLAIN1,MET,MYOM3,MAST2,KANK4,RMDN1,CGNL1,CSRP2,LRGUK,TF,HRG,DNAH8,PKHD1,DST,ARMC2,EPB41L4A,DRC1,ALMS1,SPTA1,CEP350,GCC2,SETD2,ULK4,NISCH,GPR35,MYO3B,FSIP2,ESPNL"
"GO:BP","sensory perception","GO:0007600","false","0.001032892672970837","2.9859448033188345","966","570","54","21026","MYO3A,OR51B6,PKD1L3,OR11L1,OR11G2,OR51Q1,OR2M7,OR8S1,OR4K1,OR8H2,OR4N2,OR8D1,OR2F2,OR5B3,OR1L8,OR5F1,OR5W2,OR4C5,RP1L1,OR4X1,USH1C,OR2D3,OR2AG2,OR52W1,OR52J3,OR10H3,PIEZO2,COL18A1,OR4L1,OR6S1,RABGGTA,OR2C1,MYO15A,OR4A16,OR52E4,CLN5,OR4C12,TAS2R38,OR6B1,OR4A5,OR5M11,OR4K15,CHRNA9,ADGRV1,OR2T27,USH2A,OR2G2,OR14I1,OR6N1,OR10J1,OR5AC2,MYO3B,COL4A3,ESPNL"
"GO:BP","nervous system process","GO:0050877","false","0.0049254239870381265","2.30755637891144","1510","570","72","21026","MYO3A,OR51B6,GAA,PKD1L3,OR11L1,OR11G2,OR51Q1,OR2M7,OR8S1,OR4K1,OR8H2,OR4N2,OR8D1,OR2F2,CFAP54,OR5B3,OR1L8,OR5F1,OR5W2,OR4C5,RP1L1,OR4X1,USH1C,OR2D3,OR2AG2,OR52W1,OR52J3,INS,OR10H3,PIEZO2,COL18A1,SCN4A,HSP90AA1,OR4L1,OR6S1,CHMP4A,RABGGTA,OR2C1,MYO15A,ABAT,OR4A16,OR52E4,CLN5,OR4C12,MET,SYT11,SYNE1,TAS2R38,OR6B1,NRCAM,ITGA8,UCHL1,OR4A5,OR5M11,OR4K15,CHRNA9,HTR3D,HTR3E,ADGRV1,PJA2,OR2T27,USH2A,OR2G2,OR14I1,OR6N1,OR10J1,CFAP221,OR5AC2,GPR35,MYO3B,COL4A3,ESPNL"
"GO:BP","G protein-coupled receptor signaling pathway","GO:0007186","true","0.010464382765959464","1.9802863831153945","1289","570","63","21026","OR51B6,OR11L1,OR11G2,ADGRA1,OR51Q1,PSAPL1,OR2M7,OR8S1,AKAP13,OR4K1,OR8H2,OR4N2,OR8D1,OR2F2,HCAR3,NOS1,BICD1,OR5B3,PLCE1,OR1L8,OR5F1,OR5W2,OR4C5,OR4X1,OR2D3,OR2AG2,OR52W1,OR52J3,INS,INPP5A,OR10H3,OR4L1,OR6S1,AKAP6,BAIAP3,OR2C1,PRKCB,OR4A16,OR52E4,OR4C12,VIPR2,MET,TAS2R38,OR6B1,OR4A5,NPVF,OR5M11,OR4K15,WNK1,PDE3A,ADGRF5,ADGRF4,ADGRV1,OR2T27,OR2G2,OR14I1,LGR6,TSHB,OR6N1,OR10J1,ULK4,OR5AC2,GPR35"
"GO:BP","microtubule cytoskeleton organization","GO:0000226","false","0.017597892649394296","1.7545393359094652","670","570","39","21026","DNAH17,SYNE2,GEN1,TACC2,CROCC,KIZ,PPFIBP1,MCPH1,MDM1,BICD1,KIF24,NTMT1,RP1L1,CCDC57,PCNT,EML1,CHMP4A,LLGL1,BRCA1,HYDIN,CCDC170,DNAH5,INCENP,CKAP2,SLAIN1,MET,RMDN1,LRGUK,DNAH8,PKHD1,ARMC2,DRC1,ALMS1,CEP350,GCC2,SETD2,ULK4,NISCH,FSIP2"
"GO:BP","microtubule-based process","GO:0007017","false","0.028650270807187878","1.5428712686525592","999","570","51","21026","DNAH17,DNHD1,SYNE2,GEN1,TACC2,CROCC,KIZ,PPFIBP1,MCPH1,NME8,DNAH10,CFAP54,MDM1,BICD1,KIF24,NTMT1,RP1L1,CCDC57,PCNT,EML1,CHMP4A,LLGL1,BRCA1,HYDIN,CCDC170,DNAH5,INCENP,CKAP2,SLAIN1,TCTE1,MET,RMDN1,UCHL1,LRGUK,CABS1,TTC29,DNAH8,PKHD1,DST,LCA5,ARMC2,DRC1,ALMS1,CEP350,GCC2,CFAP221,SETD2,ULK4,NISCH,TTC21B,FSIP2"
"GO:BP","external encapsulating structure organization","GO:0045229","true","0.030688257736062676","1.5130277670615755","329","570","24","21026","ACAN,LAMA1,ZNF469,HRNR,ADAMTS8,MANSC4,POMT1,MATN2,SERPINB5,COL5A3,AXIN2,BMP2,COL18A1,LTBP4,ADAMTS18,SMPD3,COL24A1,ITGA8,COL9A1,ADAMTS3,DMP1,LAMC1,COL4A4,COL4A3"
"GO:BP","cell projection assembly","GO:0030031","true","0.03283430923759824","1.483672115890929","613","570","36","21026","MYO3A,DNAH17,DNHD1,COBL,SYNE2,SAXO1,CROCC,AVIL,NME8,CFAP54,SCIN,PLCE1,NRP1,KIF24,RP1L1,CCDC57,PCNT,HSP90AA1,HYDIN,DNAH5,PODXL,FAM110C,RAB23,LRGUK,DZIP1L,HRG,DNAH8,PKHD1,ARMC2,DRC1,CEP350,CFAP221,NISCH,TTC21B,MYO3B,FSIP2"
"GO:BP","cell projection organization","GO:0030030","false","0.03801019170704847","1.4200999399969136","1631","570","73","21026","GPRIN2,MYO3A,TNC,DNAH17,DNHD1,COBL,LAMA1,ZNF804A,RREB1,SEMA6C,SYNE2,SAXO1,CROCC,FAT3,AVIL,NME8,CFAP54,SYT1,SCIN,PLCE1,NRP1,KIF24,MYO16,RP1L1,USH1C,MATN2,INS,DCC,ACTL9,CCDC57,PCNT,HSP90AA1,LLGL1,CDH11,HYDIN,DNAH5,TSKU,ALKBH1,PODXL,SYNE1,NRCAM,ITGA8,GLDN,FAM110C,UCHL1,RAB23,LRGUK,ETV1,ZNF365,NTF3,TTC29,DZIP1L,HRG,DNAH8,PKHD1,LCA5,ARMC2,DAB2,ADGRV1,DRC1,LGR6,NGF,CEP350,CFAP221,BOC,ULK4,NISCH,EPHA6,TTC21B,MYO3B,FSIP2,ALS2,NGEF"
"GO:BP","organelle assembly","GO:0070925","false","0.048282274699482396","1.3162122773865805","1046","570","52","21026","TTN,ARHGEF5,DNAH17,DNHD1,NEB,OBSCN,SYNE2,AKAP13,NRAP,SAXO1,CROCC,AVIL,NME8,CFAP54,SYT1,MDM1,BICD1,KIF24,VPS37C,RP1L1,ACTL9,RNF213,CCDC57,WBP2NL,PCNT,ADPRHL1,KNL1,PATL2,CHMP4A,BRCA1,SMIM22,HYDIN,DNAH5,INCENP,MYOM3,CSRP2,RAB23,LRGUK,WNK1,DZIP1L,TBC1D14,DNAH8,PKHD1,ARMC2,DRC1,ALMS1,CEP350,CFAP221,NISCH,TTC21B,FSIP2,PIKFYVE"
"GO:CC","cell periphery","GO:0071944","true","1.1176663264025013e-9","8.951687833508146","6347","603","251","22149","MUC3A,GPRIN2,MUC16,MUC17,IGHV1OR21-1,MUC12,OR51B6,IL1RL1,GAA,ACAN,SPTBN5,PKD1L3,IGLV5-48,KCNJ12,FRAS1,OR11L1,TNC,OR11G2,ADGRA1,OR51Q1,FLG,ARHGEF5,ADAM22,COBL,LAMA1,ZNF804A,ALPK2,OR2M7,ATP13A5,MS4A14,TRAV8-6,OBSCN,EXO1,SEMA6C,SYNE2,PATJ,OR8S1,AKAP13,CNTNAP4,OR4K1,OR8H2,OR4N2,TACC2,CLEC1B,PZP,CROCC,CDH17,HRNR,PSD3,SLC7A13,THSD7A,PSG7,PPFIBP1,CDON,ADAMTS8,OR8D1,STYK1,OR2F2,CRTAM,FRMD1,COG3,FAT3,SYNJ2,NOX4,ESYT2,MANSC4,HCAR3,SYT1,EDA2R,NOS1,ZAN,SCIN,SYTL2,OR5B3,PLCE1,NRP1,FAM171A1,OR1L8,TNFSF15,CD72,TRPM3,MYO16,MS4A13,OR5F1,OR5W2,OR4C5,OR4X1,USH1C,OR2D3,OR2AG2,OR52W1,OR52J3,MATN2,INPP5A,ATP11A,DCC,SERPINB5,CD226,TMPRSS9,COL5A3,OR10H3,CPAMD8,PECAM1,AXIN2,CD300LD,COLEC12,PIEZO2,SLC7A9,SIRPD,BMP2,IGLV10-54,ITGB2,IGLV4-60,ARVCF,COL18A1,FTCD,SIRPB1,A1BG,LTBP4,PSG8,CEACAM20,CD33,SCN4A,AHNAK2,ATP8B4,DIS3L,CD276,HSP90AA1,OR4L1,OR6S1,CHMP4A,RABGGTA,AKAP6,PNN,KCNK13,BAIAP3,OR2C1,SLC52A1,ASGR2,LLGL1,GSDMA,BRCA1,ADAMTS18,PPL,SHISA9,PRKCB,CDH11,SMPD3,OR4A16,OR52E4,OR4C12,VIPR2,MET,F12,PODXL,SYT11,SYNE1,IL22RA1,MAST2,C8B,CACHD1,IL23R,COL24A1,CLCNKB,TAS2R38,OR6B1,NRCAM,STEAP4,FCRL1,ITGA8,GLDN,DMBT1,GBP1,CPS1,FAM110C,SLC4A3,UCHL1,RAB23,OR4A5,SPON2,GABRG1,SLC13A1,OR5M11,SLC6A12,OTOGL,OR4K15,IGKV1D-17,COL9A1,TSPAN9,CLEC12A,KLRC4,GYS2,LRRC8C,RASGEF1B,CHRNA9,ADAMTS3,DMP1,MANBA,TF,HTR3D,HTR3E,AP2M1,HRG,EXOC3,F13A1,SLC17A1,SLC26A8,ADGRF5,PKHD1,DST,BTNL8,ATP10B,DAB2,C7,ADGRV1,PJA2,FBN2,SLC22A4,PCDHAC1,SLC6A7,OR2T27,CR2,USH2A,TLR5,TMEM63A,OR2G2,OR14I1,LYPD8,ADI1,IGKV1D-42,LGR6,LAMC1,FLG2,SPTA1,OR6N1,OR10J1,BOC,SCN5A,ANO10,LRP1B,NISCH,EPHA6,OR5AC2,C3ORF52,BTLA,TMEM43,GPR35,C2ORF88,COL4A4,COL4A3,ALPP"
"GO:CC","plasma membrane","GO:0005886","false","7.374301049177249e-7","6.132279136688179","5866","603","225","22149","MUC3A,GPRIN2,MUC16,MUC17,IGHV1OR21-1,MUC12,OR51B6,IL1RL1,GAA,SPTBN5,PKD1L3,IGLV5-48,KCNJ12,FRAS1,OR11L1,OR11G2,ADGRA1,OR51Q1,FLG,ARHGEF5,ADAM22,COBL,ZNF804A,ALPK2,OR2M7,ATP13A5,MS4A14,TRAV8-6,OBSCN,EXO1,SEMA6C,SYNE2,PATJ,OR8S1,CNTNAP4,OR4K1,OR8H2,OR4N2,TACC2,CLEC1B,CROCC,CDH17,HRNR,PSD3,SLC7A13,THSD7A,PSG7,PPFIBP1,CDON,OR8D1,STYK1,OR2F2,CRTAM,FRMD1,COG3,FAT3,SYNJ2,NOX4,ESYT2,MANSC4,HCAR3,SYT1,EDA2R,NOS1,ZAN,SYTL2,OR5B3,PLCE1,NRP1,FAM171A1,OR1L8,TNFSF15,CD72,TRPM3,MYO16,MS4A13,OR5F1,OR5W2,OR4C5,OR4X1,USH1C,OR2D3,OR2AG2,OR52W1,OR52J3,INPP5A,ATP11A,DCC,SERPINB5,CD226,TMPRSS9,OR10H3,CPAMD8,PECAM1,AXIN2,CD300LD,COLEC12,PIEZO2,SLC7A9,SIRPD,BMP2,IGLV10-54,ITGB2,IGLV4-60,ARVCF,FTCD,SIRPB1,A1BG,PSG8,CEACAM20,CD33,SCN4A,AHNAK2,ATP8B4,DIS3L,CD276,HSP90AA1,OR4L1,OR6S1,CHMP4A,RABGGTA,AKAP6,PNN,KCNK13,BAIAP3,OR2C1,SLC52A1,ASGR2,LLGL1,GSDMA,BRCA1,PPL,SHISA9,PRKCB,CDH11,SMPD3,OR4A16,OR52E4,OR4C12,VIPR2,MET,F12,PODXL,SYT11,SYNE1,IL22RA1,MAST2,C8B,CACHD1,IL23R,CLCNKB,TAS2R38,OR6B1,NRCAM,STEAP4,FCRL1,ITGA8,GLDN,GBP1,CPS1,SLC4A3,UCHL1,RAB23,OR4A5,GABRG1,SLC13A1,OR5M11,SLC6A12,OR4K15,IGKV1D-17,TSPAN9,CLEC12A,KLRC4,LRRC8C,RASGEF1B,CHRNA9,MANBA,TF,HTR3D,HTR3E,AP2M1,HRG,EXOC3,SLC17A1,SLC26A8,ADGRF5,PKHD1,DST,BTNL8,ATP10B,DAB2,C7,ADGRV1,PJA2,SLC22A4,PCDHAC1,SLC6A7,OR2T27,CR2,USH2A,TLR5,TMEM63A,OR2G2,OR14I1,LYPD8,ADI1,IGKV1D-42,LGR6,FLG2,SPTA1,OR6N1,OR10J1,BOC,SCN5A,ANO10,LRP1B,NISCH,EPHA6,OR5AC2,C3ORF52,BTLA,TMEM43,GPR35,C2ORF88,ALPP"
"GO:CC","cytoskeleton","GO:0005856","true","0.000022706786638271143","4.643844320822456","2474","603","111","22149","MYO3A,SPTBN5,TTN,ARHGEF5,DNAH17,DNHD1,COBL,ZNF804A,NEB,SYNE2,PATJ,AKAP13,GEN1,TACC2,SAXO1,CROCC,KIZ,CCDC153,MCPH1,FRMD1,SYNJ2,AVIL,NME8,DNAH10,CFAP54,MDM1,NOS1,KRT81,KRT7,SCIN,BICD1,NRP1,KIF24,MYO16,RP1L1,USH1C,SNX31,ACTL9,LRRC25,CCDC178,AXIN2,CCDC57,WBP2NL,PIEZO2,BPIFB4,KRTAP22-1,FTCD,PCNT,DIS3L,EML1,CHMP4A,PNN,PTPN21,MPRIP,MYO15A,LLGL1,KRT24,KRT13,BRCA1,PPL,PRKCB,HYDIN,CCDC170,DNAH5,CEP85L,INCENP,PARP4,CKAP2,SLAIN1,TCTE1,PODXL,SYNE1,MAST2,KANK4,BIRC7,RMDN1,GBP1,CGNL1,FAM110C,RAB23,LRGUK,ZNF365,WNK1,DYRK4,GYS2,DDX11,CCNA2,TTC29,KLHL5,DZIP1L,DNAH8,PKHD1,DST,LCA5,PJA2,EPB41L4A,NSL1,USH2A,TMEM63A,DRC1,ALMS1,SPTA1,CEP350,CFAP221,NISCH,FRMD4B,MYH15,CROCC2,TTC21B,MYO3B,ALS2"
"GO:CC","membrane","GO:0016020","false","0.00031176170583832515","3.506177230919033","9953","603","329","22149","MUC3A,GPRIN2,MAP2K3,MUC16,TPTE,MUC17,IGHV1OR21-1,MUC12,OR51B6,IL1RL1,GAA,CCDC168,SPTBN5,PKD1L3,IGLV5-48,KCNJ12,FRAS1,OR11L1,TNC,OR11G2,ADGRA1,OR51Q1,C17ORF80,FLG,ARHGEF5,ADAM22,COBL,LAMA1,MALRD1,ZNF804A,ALPK2,OR2M7,ATP13A5,MS4A14,TRAV8-6,OBSCN,HEATR1,EXO1,SEMA6C,SYNE2,PATJ,TMEM176B,CD164L2,OR8S1,AKAP13,NUP210,CNTNAP4,OR4K1,OR8H2,OR4N2,TACC2,CLEC1B,CROCC,KIZ,CDH17,HRNR,SLC18A1,PSD3,SLC7A13,THSD7A,PSG7,PPFIBP1,CDON,OR8D1,STYK1,REP15,OR2F2,SLC37A3,CRTAM,FRMD1,COG3,FAT3,SYNJ2,NOX4,ESYT2,MANSC4,HCAR3,DNAH10,CHPT1,CFAP54,SYT1,EDA2R,AGFG2,NOS1,ZAN,PPP1R3A,TMEM213,BICD1,SYTL2,OR5B3,PLCE1,HK1,NRP1,FAM171A1,POMT1,OR1L8,TNFSF15,CD72,TRPM3,MYO16,VPS37C,MS4A13,PRUNE2,OR5F1,OR5W2,OR4C5,OR4X1,PEX16,USH1C,OR2D3,OR2AG2,RAB11FIP1,OR52W1,OR52J3,INS,INPP5A,MKI67,ATP11A,DCC,SERPINB5,SERPINB13,CD226,TMPRSS9,ACTL9,OR10H3,CPAMD8,LRRC25,TMEM241,PECAM1,PNPLA3,AXIN2,CD300LD,FDXR,ACOX1,RNF213,RPTOR,COLEC12,PIEZO2,SLC7A9,SIRPD,BMP2,SUN5,UQCC1,IGLV10-54,ITGB2,IGLV4-60,ARVCF,FTCD,PCNT,SIRPB1,A1BG,PSG8,CEACAM20,CD33,SCN4A,MTMR4,AP4E1,AHNAK2,ATP8B4,DIS3L,CD276,MYB,HSP90AA1,OR4L1,OR6S1,CHMP4A,RABGGTA,AKAP6,PNN,ABHD12B,SYNDIG1L,KCNK13,BAIAP3,OR2C1,SLC52A1,PITPNM3,ASGR2,MYO15A,LLGL1,GSDMA,BRCA1,FAM187A,PKD1L2,SMIM22,PPL,SHISA9,PRKCB,ASPHD1,CDH11,SMPD3,COG4,OR4A16,PARP4,OR52E4,CLN5,OR4C12,TMED5,VIPR2,MET,SEC31B,COG6,F12,MTCH1,PODXL,SYT11,SYNE1,IL22RA1,MAST2,CYP4A22,C8B,CACHD1,IL23R,CLCNKB,TAS2R38,OR6B1,SLC45A4,ZNF7,DNAJC11,NRCAM,STEAP4,NBPF10,FCRL1,ITGA8,GLDN,DMBT1,CYP2J2,GBP1,CPS1,SLC4A3,UCHL1,RAB23,CYP11B1,OR4A5,GABRG1,SLC13A1,OR5M11,SLC6A12,SNX19,OR4K15,IGKV1D-17,TMEM132C,DENND5B,WNK1,TSPAN9,CLEC12A,KLRC4,DDX47,PDE3A,TMTC1,LRRC8C,RASGEF1B,CHRNA9,SPATA18,TMEM165,CABS1,MANBA,TF,AADAC,NAALADL2,HTR3D,HTR3E,AP2M1,HRG,LSG1,ZFYVE28,EXOC3,ZDHHC11B,SLC17A1,SLC26A8,ADGRF5,ZDHHC11,ADGRF4,PKHD1,DST,COQ3,ASCC3,BTNL8,ATP10B,THG1L,DAB2,C7,ZFYVE16,ADGRV1,PJA2,SLC22A4,PCDHAC1,SLC6A7,ZDHHC23,OR2T27,CR2,USH2A,TLR5,TMEM63A,OR2G2,OR14I1,LYPD8,ADI1,COX7A2L,IGKV1D-42,LGR6,C1ORF162,FLG2,PGLYRP4,SPTA1,OR6N1,OR10J1,SEC16B,CEP350,GCC2,BOC,C3ORF20,SCN5A,ANO10,LRP1B,NISCH,EPHA6,OR5AC2,C3ORF52,BTLA,TMEM43,GPR35,GALNT3,C2ORF88,PIKFYVE,ACADL,COL4A4,COL4A3,ALPP,NGEF"
"GO:CC","extracellular matrix","GO:0031012","false","0.0015792366437447484","2.8015527874255106","559","603","35","22149","MUC17,ACAN,FRAS1,TNC,FLG,LAMA1,PZP,HRNR,CDON,ADAMTS8,ZAN,MATN2,COL5A3,COLEC12,COL18A1,A1BG,LTBP4,HSP90AA1,ADAMTS18,F12,COL24A1,DMBT1,SPON2,OTOGL,COL9A1,ADAMTS3,DMP1,HRG,F13A1,DST,FBN2,USH2A,LAMC1,COL4A4,COL4A3"
"GO:CC","external encapsulating structure","GO:0030312","false","0.0016421685142091857","2.784582278985125","560","603","35","22149","MUC17,ACAN,FRAS1,TNC,FLG,LAMA1,PZP,HRNR,CDON,ADAMTS8,ZAN,MATN2,COL5A3,COLEC12,COL18A1,A1BG,LTBP4,HSP90AA1,ADAMTS18,F12,COL24A1,DMBT1,SPON2,OTOGL,COL9A1,ADAMTS3,DMP1,HRG,F13A1,DST,FBN2,USH2A,LAMC1,COL4A4,COL4A3"
"GO:CC","9+2 motile cilium","GO:0097729","true","0.001860818152597748","2.730296065978384","231","603","20","22149","DNAH17,DNHD1,MROH2B,SAXO1,CROCC,NME8,DNAH10,WBP2NL,HSP90AA1,FSCB,DNAH5,TCTE1,CABS1,TTC29,SLC26A8,DNAH8,DRC1,GSTM3,CFAP221,FSIP2"
"GO:CC","collagen-containing extracellular matrix","GO:0062023","false","0.004503044996002017","2.3464937133928854","397","603","27","22149","MUC17,ACAN,FRAS1,TNC,FLG,LAMA1,PZP,HRNR,CDON,ADAMTS8,MATN2,COL5A3,COLEC12,COL18A1,A1BG,LTBP4,HSP90AA1,F12,COL24A1,COL9A1,ADAMTS3,HRG,F13A1,FBN2,LAMC1,COL4A4,COL4A3"
"GO:CC","axonemal dynein complex","GO:0005858","true","0.006588641643169347","2.1812041131272943","22","603","6","22149","DNAH17,DNHD1,NME8,DNAH5,DNAH8,DRC1"
"GO:CC","basement membrane","GO:0005604","false","0.014494413609828585","1.8387993498962234","93","603","11","22149","ACAN,FRAS1,TNC,LAMA1,MATN2,COL18A1,DST,USH2A,LAMC1,COL4A4,COL4A3"
"GO:CC","cellular anatomical structure","GO:0110165","false","0.016084790088120308","1.7935846024129838","21620","603","601","22149","MUC3A,ZNF717,GPRIN2,MAP2K3,MUC16,TPTE,MUC17,IGHV1OR21-1,MUC12,MYO3A,OR51B6,IL1RL1,GAA,ACAN,CCDC168,SPTBN5,PRSS51,PKD1L3,NPIPB15,IGLV5-48,KCNJ12,FRAS1,GDPGP1,OR11L1,TNC,TTN,OR11G2,SPANXB1,PNLIPRP3,ADGRA1,NOM1,OR51Q1,C17ORF80,FLG,ARHGEF5,ADAM22,KMT2C,DNAH17,PSAPL1,DNHD1,COBL,LAMA1,MALRD1,ZNF804A,ALPK2,OR2M7,VWDE,RREB1,ATP13A5,MS4A14,ALKBH3,NEB,TRAV8-6,OBSCN,HEATR1,EXO1,SEMA6C,SYNE2,VWA3B,PATJ,TMEM176B,CD164L2,TRIM51,OR8S1,AKAP13,PDILT,NUP210,GEN1,CNTNAP4,OR4K1,PABPC3,OR8H2,APOL4,NRAP,OR4N2,TACC2,MROH2B,CLEC1B,SAXO1,ZNF469,PZP,CROCC,KIZ,CDH17,HRNR,SLC18A1,PSD3,ZNF701,SLC7A13,THSD7A,USP17L18,USP17L17,ZNF773,MUT,PSG7,PPFIBP1,ZNF30,USPL1,PUS3,CDON,ADAMTS8,OR8D1,DPPA3,A2ML1,STYK1,REP15,DACT2,PATE1,OR2F2,SLC37A3,CRTAM,CCDC153,MCPH1,FRMD1,COG3,BCO2,FAT3,LRCH1,SYNJ2,NOX4,CDADC1,ESYT2,MANSC4,ZNF316,AVIL,NME8,MMAB,HCAR3,ZMIZ2,DNAH10,CHPT1,CFAP54,SYT1,MDM1,EDA2R,HELB,AGFG2,NOS1,ZAN,NARS2,KRT81,PPP1R3A,KRT7,TMEM213,SCIN,BICD1,ANHX,SYTL2,OR5B3,USP35,PLCE1,SH2D4B,PUM3,HK1,SRGN,PHYHIPL,BICC1,BMS1,ZNF33A,NRP1,UBAP2,FAM171A1,ITIH5,KIF24,ANKRD16,PITRM1,SOHLH1,POMT1,NTMT1,OR1L8,TNFSF15,CD72,TRPM3,MAF1,MYO16,ZNF214,VPS37C,MS4A13,PRUNE2,OR5F1,OR5W2,OR4C5,RP1L1,OR4X1,PEX16,USH1C,NLRP14,OR2D3,HHLA1,OR2AG2,RAB11FIP1,OR52W1,OR52J3,MATN2,INS,SNX31,INPP5A,MKI67,CPXM2,TBC1D4,ATP11A,ZNF57,DCC,SERPINB5,SERPINB13,SERPINB11,CD226,TMPRSS9,ACTL9,NACA2,BPIFC,COL5A3,OR10H3,NWD1,CPAMD8,LRRC25,CCDC178,TMEM241,CENPM,PECAM1,PNPLA3,AXIN2,CD300LD,FDXR,ACOX1,SEC14L1,USP36,RNF213,RPTOR,CCDC57,WBP2NL,COLEC12,PIEZO2,SLC7A9,FBXO27,SIRPD,BMP2,SUN5,SRRD,BPIFB4,UQCC1,IGLV10-54,ACTR5,KRTAP22-1,SH3BGR,ITGB2,IGLV4-60,ARVCF,COL18A1,FTCD,PCNT,SIRPB1,A1BG,LGALS14,ZNF419,LTBP4,PSG8,PSG11,ZNF404,ZNF233,ZNF229,CEACAM20,BSPH1,PIH1D1,KLK10,CD33,ZIM3,SCN4A,MTMR4,ADPRHL1,AP4E1,AHNAK2,KNL1,WDR76,PATL2,ATP8B4,DIS3L,EME1,CD276,RCN2,MYB,PGPEP1L,HSP90AA1,EML1,NRDE2,OR4L1,TTC5,OR6S1,CHMP4A,RABGGTA,AKAP6,PNN,FSCB,ABHD12B,SYNDIG1L,PTPN21,KCNK13,BAIAP3,OR2C1,ZSCAN32,NUDT7,MTHFSD,SLC52A1,PITPNM3,ASGR2,PFAS,MPRIP,MYO15A,LLGL1,SLFN5,GSDMA,KRT24,KRT13,BRCA1,FAM187A,PKD1L2,ADAMTS18,SMIM22,PPL,ABAT,SHISA9,EARS2,PRKCB,ASPHD1,CDH11,SMPD3,PDPR,COG4,HYDIN,RFWD3,CCDC170,DNAH5,CEP85L,CSNK1A1L,OR4A16,CCDC86,INCENP,TSKU,TRIM64B,ANKK1,PARP4,OR52E4,CKAP2,CLN5,SLAIN1,HOMEZ,DLEC1,OR4C12,TRIM5,TMED5,CREBZF,VIPR2,NSMAF,TCTE1,MET,SEC31B,ALKBH1,COG6,F12,HDGFL1,MTCH1,PODXL,DKK2,SYT11,SYNE1,FGGY,MYOM3,IL22RA1,SPOCD1,MAST2,CYP4A22,C8B,L1TD1,SFRP4,KANK4,CACHD1,IL23R,DNASE2B,COL24A1,CELA3A,NBPF3,PLA2G2D,CLCNKB,TAS2R38,OR6B1,GNRH1,CA1,SLC45A4,ZNF7,MEGF6,RNF207,DNAJC11,MASP2,WNT16,NRCAM,STEAP4,EXPH5,BIRC7,NBPF1,GUCA2B,NBPF10,FCRL1,ITGA8,GLDN,DMBT1,USP17L11,RMDN1,FAM91A1,KDM4A,CYP2J2,GBP1,CLEC18B,CGNL1,CSRP2,CRACR2B,CPS1,BATF3,FAM110C,PSME4,SLC4A3,GLYCTK,UCHL1,SMAD5,KLHL31,RAB23,LRGUK,TSPYL5,CYP11B1,NBPF12,OR4A5,ETV1,ZNF365,SPON2,GABRG1,POM121L2,NPVF,SLC13A1,TTI2,OR5M11,SLC6A12,SNX19,OTOGL,OR4K15,IGKV1D-17,GC,COL9A1,LGALS9C,TMEM132C,DENND5B,WNK1,TSPAN9,DYRK4,NTF3,CLEC12A,KLRC4,YBX3,DDX47,PDE3A,GYS2,TMTC1,DDX11,LRRC8C,RASGEF1B,CHRNA9,SPATA18,TMEM165,CABS1,ADAMTS3,BMP3,TBC1D1,DMP1,HERC5,ADH4,MANBA,CCNA2,NUDT6,TTC29,KLHL5,ZNF518B,MCF2L2,FBXO40,TF,DZIP1L,AADAC,MECOM,NAALADL2,HTR3D,CPZ,HTR3E,AP2M1,HRG,LSG1,ZNF141,ZFYVE28,TBC1D14,NEIL3,EXOC3,ZDHHC11B,RPL7L1,F13A1,SYCP2L,SLC17A1,SLC26A8,DNAH8,ADGRF5,ZDHHC11,ADGRF4,PKHD1,DST,LCA5,COQ3,ASCC3,HUS1B,BTNL8,ATP10B,THG1L,DAB2,C7,AGGF1,ZFYVE16,ADGRV1,PJA2,EPB41L4A,FBN2,SLC22A4,LECT2,PCDHAC1,SLC6A7,ZNF80,ZDHHC23,OR2T27,PPFIA4,CR2,NSL1,USH2A,TLR5,TMEM63A,OR2G2,OR14I1,IL1F10,LYPD8,ADI1,DRC1,COX7A2L,ALMS1,IGKV1D-42,LGR6,IGFN1,F13B,LAMC1,GSTM3,C1ORF162,TSHB,NGF,FLG2,PGLYRP4,SPTA1,OR6N1,OR10J1,SEC16B,CEP350,RNASEL,GCC2,CFAP221,BOC,SETD2,C3ORF20,GLB1,SCN5A,ANO10,TOPAZ1,EXOSC7,FBXW12,LRP1B,NISCH,FRMD4B,EPHA6,OR5AC2,MYH15,C3ORF52,BTLA,TMEM43,TATDN2,CROCC2,GPR35,GALNT3,TTC21B,MYO3B,FSIP2,C2ORF88,ALS2,PIKFYVE,ACADL,COL4A4,COL4A3,SP110,ALPP,NGEF,MROH2A,ESPNL,TGIF2LX"
"GO:CC","keratohyalin granule","GO:0036457","false","0.025384429413983913","1.5954325941322633","4","603","3","22149","FLG,HRNR,FLG2"
"GO:CC","sperm flagellum","GO:0036126","false","0.02564496441482932","1.5909978992285254","213","603","17","22149","DNAH17,DNHD1,MROH2B,SAXO1,NME8,WBP2NL,HSP90AA1,FSCB,TCTE1,CABS1,TTC29,SLC26A8,DNAH8,DRC1,GSTM3,CFAP221,FSIP2"
"GO:CC","supramolecular polymer","GO:0099081","true","0.029139302988929593","1.535520840750039","1076","603","51","22149","MYO3A,TTN,DNAH17,COBL,ZNF804A,NEB,OBSCN,SYNE2,NRAP,SAXO1,AVIL,DNAH10,MDM1,KRT81,KRT7,BICD1,NRP1,KIF24,RP1L1,ACTL9,COL5A3,CCDC57,KRTAP22-1,PCNT,LTBP4,ADPRHL1,AHNAK2,EML1,CHMP4A,PNN,KRT24,KRT13,PPL,DNAH5,INCENP,PARP4,CKAP2,SLAIN1,SYNE1,MYOM3,RMDN1,CSRP2,FAM110C,DNAH8,DST,FBN2,IGFN1,SCN5A,MYH15,COL4A4,COL4A3"
"GO:CC","microtubule cytoskeleton","GO:0015630","false","0.04068445812373873","1.390571463997662","1436","603","63","22149","SPTBN5,DNAH17,DNHD1,ZNF804A,PATJ,GEN1,TACC2,SAXO1,CROCC,KIZ,MCPH1,NME8,DNAH10,MDM1,BICD1,KIF24,RP1L1,LRRC25,CCDC178,AXIN2,CCDC57,FTCD,PCNT,DIS3L,EML1,CHMP4A,BRCA1,PRKCB,CCDC170,DNAH5,CEP85L,INCENP,PARP4,CKAP2,SLAIN1,PODXL,MAST2,KANK4,BIRC7,RMDN1,FAM110C,RAB23,LRGUK,ZNF365,WNK1,DDX11,CCNA2,DZIP1L,DNAH8,PKHD1,DST,LCA5,PJA2,NSL1,USH2A,TMEM63A,DRC1,ALMS1,CEP350,CFAP221,NISCH,CROCC2,ALS2"
"GO:CC","extracellular region","GO:0005576","false","0.048710442797764146","1.312377922496563","4258","603","152","22149","MUC3A,MUC16,MUC17,IGHV1OR21-1,IL1RL1,GAA,ACAN,PRSS51,PKD1L3,NPIPB15,IGLV5-48,OR11L1,TNC,TTN,PNLIPRP3,C17ORF80,PSAPL1,DNHD1,LAMA1,VWDE,RREB1,NEB,OBSCN,SYNE2,PATJ,PABPC3,APOL4,PZP,CROCC,HRNR,THSD7A,PSG7,USPL1,ADAMTS8,A2ML1,PATE1,CFAP54,ZAN,KRT81,KRT7,SCIN,SRGN,NRP1,ITIH5,TNFSF15,VPS37C,HHLA1,MATN2,INS,CPXM2,SERPINB5,SERPINB13,SERPINB11,BPIFC,COL5A3,CPAMD8,PECAM1,COLEC12,SIRPD,BMP2,BPIFB4,IGLV10-54,ITGB2,IGLV4-60,COL18A1,FTCD,A1BG,LTBP4,PSG8,PSG11,BSPH1,KLK10,MTMR4,HSP90AA1,PFAS,MYO15A,KRT24,KRT13,ADAMTS18,PPL,PRKCB,CDH11,SMPD3,DNAH5,TSKU,PARP4,CLN5,MET,F12,PODXL,DKK2,CYP4A22,C8B,SFRP4,DNASE2B,COL24A1,CELA3A,PLA2G2D,GNRH1,CA1,MEGF6,MASP2,WNT16,NRCAM,STEAP4,GUCA2B,GLDN,DMBT1,CYP2J2,GBP1,CLEC18B,SPON2,NPVF,OTOGL,IGKV1D-17,GC,COL9A1,NTF3,DDX11,ADAMTS3,BMP3,DMP1,TF,CPZ,AP2M1,HRG,F13A1,PKHD1,C7,AGGF1,ADGRV1,FBN2,LECT2,CR2,USH2A,TMEM63A,IL1F10,LYPD8,IGKV1D-42,F13B,LAMC1,GSTM3,TSHB,NGF,FLG2,PGLYRP4,CFAP221,GLB1,FRMD4B,GALNT3,COL4A4,COL4A3"
"GO:CC","outer dynein arm","GO:0036157","false","0.04971255801179307","1.3035338892081374","11","603","4","22149","DNAH17,NME8,DNAH5,DNAH8"
"KEGG","Olfactory transduction","KEGG:04740","false","4.1969607325179333e-7","6.377065094102915","428","265","38","8484","OR51B6,OR11L1,OR11G2,OR51Q1,OR2M7,OR8S1,OR4K1,OR8H2,OR4N2,OR8D1,OR2F2,OR5B3,OR1L8,OR5F1,OR5W2,OR4C5,OR4X1,OR2D3,OR2AG2,OR52W1,OR52J3,OR10H3,OR4L1,OR6S1,OR2C1,OR4A16,OR52E4,OR4C12,OR6B1,OR4A5,OR5M11,OR4K15,OR2T27,OR2G2,OR14I1,OR6N1,OR10J1,OR5AC2"
"REAC","Expression and translocation of olfactory receptors","REAC:R-HSA-9752946","false","8.613675895135696e-8","7.064811473367731","355","334","36","11004","OR51B6,OR11L1,OR51Q1,OR2M7,OR4K1,OR8H2,OR4N2,OR8D1,OR2F2,OR5B3,OR1L8,OR5F1,OR5W2,OR4C5,OR4X1,OR2D3,OR2AG2,OR52W1,OR52J3,OR10H3,OR4L1,OR6S1,OR2C1,OR4A16,OR52E4,OR4C12,OR6B1,OR4A5,OR5M11,OR4K15,OR2T27,OR2G2,OR14I1,OR6N1,OR10J1,OR5AC2"
"REAC","Olfactory Signaling Pathway","REAC:R-HSA-381753","false","1.490405287817347e-7","6.8266956172732325","362","334","36","11004","OR51B6,OR11L1,OR51Q1,OR2M7,OR4K1,OR8H2,OR4N2,OR8D1,OR2F2,OR5B3,OR1L8,OR5F1,OR5W2,OR4C5,OR4X1,OR2D3,OR2AG2,OR52W1,OR52J3,OR10H3,OR4L1,OR6S1,OR2C1,OR4A16,OR52E4,OR4C12,OR6B1,OR4A5,OR5M11,OR4K15,OR2T27,OR2G2,OR14I1,OR6N1,OR10J1,OR5AC2"
"REAC","Sensory Perception","REAC:R-HSA-9709957","false","0.0000021268383831023835","5.672265510564393","576","334","45","11004","MYO3A,OR51B6,OR11L1,OR51Q1,OR2M7,OR4K1,OR8H2,OR4N2,OR8D1,OR2F2,BCO2,OR5B3,OR1L8,OR5F1,OR5W2,OR4C5,OR4X1,USH1C,OR2D3,OR2AG2,OR52W1,OR52J3,OR10H3,OR4L1,OR6S1,OR2C1,MYO15A,OR4A16,OR52E4,OR4C12,TAS2R38,OR6B1,OR4A5,OR5M11,OTOGL,OR4K15,CHRNA9,OR2T27,OR2G2,OR14I1,OR6N1,OR10J1,OR5AC2,MYO3B,ESPNL"
"REAC","Diseases associated with O-glycosylation of proteins","REAC:R-HSA-3906995","false","0.0018193916058356165","2.740073813333987","65","334","11","11004","MUC3A,MUC16,MUC17,MUC12,THSD7A,ADAMTS8,POMT1,ADAMTS18,SPON2,ADAMTS3,GALNT3"
"REAC","Defective GALNT3 causes HFTC","REAC:R-HSA-5083625","false","0.04271793917945164","1.3693897069294203","16","334","5","11004","MUC3A,MUC16,MUC17,MUC12,GALNT3"
"REAC","ECM proteoglycans","REAC:R-HSA-3000178","false","0.04814574883849404","1.3174420540740561","76","334","10","11004","ACAN,TNC,LAMA1,COL5A3,ITGA8,COL9A1,DMP1,LAMC1,COL4A4,COL4A3"
"TF","Factor: CDP; motif: TRATCRATAN","TF:M03952","false","0.004612957340064525","2.336020561663193","4452","630","190","20092","MYO3A,OR51B6,IL1RL1,PKD1L3,SPANXB1,PNLIPRP3,PPP2R3A,FLG,OR2M7,VWDE,ALKBH3,NEB,VWA3B,PATJ,CD164L2,TRIM51,OR8S1,CNTNAP4,OR4K1,PABPC3,OR8H2,APOL4,NRAP,MROH2B,CLEC1B,CDH17,HRNR,SLC18A1,SLC7A13,THSD7A,USP17L18,USP17L17,PPFIBP1,ZNF30,OR8D1,STYK1,REP15,OR2F2,BCO2,FAT3,ESYT2,NME8,MMAB,CFAP54,SYT1,EDA2R,PPP1R3A,FAM186A,SCIN,ANHX,USP35,PLCE1,PUM3,NTMT1,OR1L8,TNFSF15,OR5F1,OR5W2,OR4C5,PEX16,QSER1,OR2D3,HHLA1,OR52J3,MATN2,MKI67,DCC,SERPINB13,CD226,NACA2,OR10H3,CCDC178,CD300LD,WDR87,SUN5,UQCC1,KRTAP22-1,SH3BGR,SIRPB1,A1BG,ZNF419,ZNF404,ZNF229,CEACAM20,ZIM3,SCN4A,MTMR4,AP4E1,KNL1,WDR76,EME1,RCN2,HSP90AA1,OR4L1,OR6S1,RABGGTA,AKAP6,SYNDIG1L,OR2C1,ASGR2,KRT13,EARS2,HYDIN,RFWD3,CCDC170,CEP85L,OR4A16,CCDC86,HOMEZ,OR4C12,TMED5,VIPR2,NSMAF,TCTE1,MET,ALKBH1,HDGFL1,DKK2,CYP4A22,L1TD1,CACHD1,IL23R,LRRIQ3,DNASE2B,CA1,RNF207,KLHL26,USP17L11,CYP2J2,GBP1,GOLGA6L6,KLHL31,SLC13A1,TTI2,OR5M11,OTOGL,OR4K15,GC,LGALS9C,WNK1,DYRK4,NTF3,CLEC12A,GYS2,DDX11,TMEM165,DMP1,TTC29,TRIM42,NAALADL2,HTR3D,HTR3E,AP2M1,HRG,SYCP2L,SLC17A1,ADGRF5,ADGRF4,ASCC3,ARMC2,HUS1B,BTNL8,ATP10B,THG1L,C5ORF22,DAB2,C7,ADGRV1,PJA2,LECT2,SLC6A7,OR2T27,CR2,USH2A,OR14I1,COX7A2L,ALMS1,F13B,C1ORF162,SPTA1,CEP350,RNASEL,OR5AC2,MYH15,GPR35,GALNT3,MYO3B,FSIP2,MROH2A,TGIF2LX"
"TF","Factor: CDP; motif: NTATTGATYR","TF:M11507","false","0.014713586913086244","1.832281441027347","3200","630","143","20092","ZNF717,MYO3A,OR51B6,SPTBN5,PKD1L3,OR11L1,TTN,SPANXB1,OR51Q1,FLG,MALRD1,ALPK2,OR2M7,MS4A14,NEB,PATJ,TMEM176B,PABPC3,OR8H2,APOL4,MROH2B,CLEC1B,HRNR,SLC18A1,THSD7A,USP17L18,USP17L17,OR8D1,REP15,OR2F2,FAT3,ESYT2,AVIL,CFAP54,SYT1,HELB,PPP1R3A,FAM186A,SCIN,PUM3,NRP1,KIF24,OR1L8,TNFSF15,ZNF214,OR5F1,OR4C5,QSER1,NLRP14,OR2D3,HHLA1,OR52J3,DCC,SERPINB13,CD226,NWD1,TMEM241,CD300LD,UQCC1,KRTAP22-1,SIRPB1,A1BG,ZNF419,ZNF404,ZNF233,ZNF229,SCN4A,WDR76,EME1,RCN2,PGPEP1L,HSP90AA1,PNN,PTPN21,OR2C1,PKD1L2,PRKCB,HYDIN,RFWD3,CCDC170,CSNK1A1L,TRIM64B,HOMEZ,VIPR2,NSMAF,TCTE1,F12,HDGFL1,DKK2,CACHD1,LRRIQ3,DNASE2B,CELA3A,CA1,KLHL26,NBPF10,FCRL1,DMBT1,USP17L11,RMDN1,CPS1,SMAD5,KLHL31,OTOGL,GC,COL9A1,WNK1,DYRK4,NTF3,CLEC12A,GYS2,LRRC8C,AKNAD1,TMEM165,NUDT6,TRIM42,NAALADL2,HRG,LSG1,SYCP2L,SLC17A1,SLC26A8,ASCC3,ATP10B,DAB2,ADGRV1,LECT2,SLC6A7,OR2T27,USH2A,OR2G2,COX7A2L,ALMS1,F13B,SPTA1,SEC16B,RNASEL,MYH15,GPR35,GALNT3,FSIP2,MROH2A,TGIF2LX"
"TF","Factor: SRY; motif: TCAATAMCATTGA; match class: 1","TF:M04557_1","false","0.018020034320398396","1.7442443862123695","5095","630","209","20092","ANKRD36C,OR51B6,IL1RL1,CCDC168,PRSS51,PKD1L3,NPIPB15,OR11L1,TTN,SPANXB1,PNLIPRP3,OR51Q1,PPP2R3A,FLG,LAMA1,MALRD1,ZNF804A,MS4A14,PATJ,TMEM176B,TRIM51,OR8S1,AKAP13,PDILT,CNTNAP4,OR4K1,OR8H2,APOL4,NRAP,OR4N2,MROH2B,CLEC1B,SAXO1,PZP,CDH17,HRNR,SLC18A1,PSD3,SLC7A13,THSD7A,ZNF30,PUS3,DPPA3,PATE1,OR2F2,CRTAM,COG3,NOX4,CDADC1,AVIL,CHPT1,CFAP54,EDA2R,HELB,PPP1R3A,FAM186A,OR5B3,SH2D4B,PUM3,SRGN,KIF24,TNFSF15,CD72,MYO16,VPS37C,MS4A13,OR5W2,OR4C5,RP1L1,OR4X1,QSER1,HHLA1,OR2AG2,OR52J3,MATN2,KLHL38,SERPINB11,CD226,NACA2,BPIFC,OR10H3,CCDC178,SEC14L1,SRRD,KRTAP22-1,LGALS14,ZNF404,CEACAM20,AP4E1,GOLGA6L2,KNL1,ATP8B4,IQCH,RCN2,GOLGA6L9,MYB,HSP90AA1,OR6S1,RABGGTA,FSCB,PTPN21,ZSCAN32,KRT24,KRT13,PKD1L2,SMIM22,HYDIN,DNAH5,OR4A16,CCDC86,TSKU,TRIM64B,ANKK1,CKAP2,CLN5,OR4C12,TRIM5,CREBZF,VIPR2,SEC31B,ALKBH1,MTCH1,DKK2,SYNE1,CYP4A22,IL23R,DNASE2B,OR6B1,GNRH1,CA1,RNF207,WNT16,NBPF1,GUCA2B,NBPF10,FCRL1,DMBT1,FAM91A1,CSRP2,GOLGA6L6,CPS1,GLYCTK,CYP11B1,NBPF12,OR4A5,ETV1,NPVF,SLC13A1,OR5M11,SNX19,OTOGL,OR4K15,GC,COL9A1,DENND5B,CLEC12A,KLRC4,DDX47,PDE3A,GYS2,LRRC8C,CHRNA9,CABS1,ADAMTS3,DMP1,ADH4,MANBA,TTC29,AADAC,MECOM,NAALADL2,HTR3D,HRG,LSG1,DNAH8,ADGRF5,COQ3,HUS1B,BTNL8,C7,EPB41L4A,LECT2,ZDHHC23,OR2T27,USH2A,OR14I1,IL1F10,DRC1,COX7A2L,ALMS1,F13B,GSTM3,SPTA1,OR6N1,CEP350,GCC2,CFAP221,TOPAZ1,LRP1B,FRMD4B,OR5AC2,MYH15,C3ORF52,BTLA,GPR35,TTC21B,MYO3B,C2ORF88,TGIF2LX"
"TF","Factor: HOXA10; motif: TTATNNYWN","TF:M07257","false","0.019037957927024746","1.7203796372848894","3803","630","164","20092","ANKRD36,MUC12,OR51B6,IL1RL1,TNC,TTN,OR11G2,ADAM22,DNAH17,MALRD1,OR2M7,MS4A14,NEB,HEATR1,TMEM176B,PABPC3,APOL4,NRAP,CLEC1B,PZP,HRNR,SLC18A1,PPFIBP1,ZNF30,PUS3,CDON,OR8D1,PATE1,BCO2,NME8,CFAP54,SYT1,PPP1R3A,KRT7,SCIN,BICD1,OR5B3,FAM171A1,OR1L8,TNFSF15,ZNF214,MS4A13,PRUNE2,OR5F1,NLRP14,OR2D3,HHLA1,OR2AG2,OR52W1,OR52J3,MATN2,MKI67,SERPINB5,SERPINB11,CD226,NACA2,OR10H3,NWD1,CCDC178,SEC14L1,CCDC57,SLC7A9,SRRD,BPIFB4,UQCC1,KRTAP22-1,SH3BGR,ITGB2,COL18A1,SIRPB1,ZNF404,CEACAM20,AP4E1,PATL2,DIS3L,EME1,IQCH,NRDE2,RABGGTA,FSCB,ABHD12B,ZSCAN32,PITPNM3,PFAS,GSDMA,BRCA1,ADAMTS18,HYDIN,OR4A16,INCENP,OR52E4,OR4C12,TMED5,SEC31B,ALKBH1,F12,HDGFL1,PODXL,DKK2,FAM25A,SYNE1,SPOCD1,MAST2,CYP4A22,C8B,IL23R,LRRIQ3,DNASE2B,GNRH1,CA1,MASP2,C1ORF167,DMBT1,CYP2J2,UCHL1,LRGUK,SLC13A1,OTOGL,OR4K15,GC,NTF3,CLEC12A,KLRC4,YBX3,DDX47,GYS2,AKNAD1,THAP9,CCNA2,NUDT6,KLHL5,TRIM42,MECOM,EXOC3,RPL7L1,SYCP2L,SLC26A8,DNAH8,ARMC2,HUS1B,ATP10B,DAB2,C7,LECT2,ZDHHC23,CR2,OR2G2,F13B,TSHB,OR6N1,OR10J1,CFAP221,C3ORF20,GLB1,ANO10,TOPAZ1,EXOSC7,OR5AC2,MYH15,BTLA,TATDN2,GALNT3,MROH2A,TGIF2LX"
"TF","Factor: CDX-2; motif: TTTATN; match class: 1","TF:M02087_1","false","0.02013725417780279","1.695999748118369","5103","630","209","20092","ANKRD36C,ZNF717,ANKRD36,OR51B6,IL1RL1,CCDC168,PRSS51,TNC,TTN,PNLIPRP3,OR51Q1,PPP2R3A,FLG,MALRD1,ZNF804A,OR2M7,ATP13A5,MS4A14,TMEM176B,OR8S1,CNTNAP4,OR4K1,PABPC3,OR8H2,OR4N2,PZP,CDH17,HRNR,SLC18A1,PSD3,SLC7A13,PPFIBP1,PUS3,CDON,OR8D1,DPPA3,A2ML1,REP15,DACT2,PATE1,SLC37A3,CRTAM,BCO2,FAT3,MMAB,CFAP54,SYT1,HELB,AGFG2,NOS1,NARS2,PPP1R3A,SCIN,ANHX,SYTL2,OR5B3,SRGN,OR1L8,TNFSF15,MS4A13,OR5W2,OR4C5,OR4X1,OR2D3,HHLA1,OR2AG2,OR52W1,OR52J3,MATN2,MKI67,TBC1D4,SERPINB5,SERPINB13,TMPRSS9,NACA2,OR10H3,NWD1,CCDC178,AXIN2,CD300LD,ACOX1,SLC7A9,BMP2,SUN5,BPIFB4,KRTAP22-1,SH3BGR,SIRPB1,ZNF404,ZNF233,ZNF229,CEACAM20,WDR76,PATL2,EME1,IQCH,RCN2,GOLGA6L9,EML1,NRDE2,OR4L1,TTC5,RABGGTA,PTPN21,PFAS,KRT24,PKD1L2,HYDIN,RFWD3,CEP85L,CSNK1A1L,OR4A16,TRIM64B,OR52E4,OR4C12,TRIM5,TMED5,NSMAF,COG6,PODXL,FAM25A,SYNE1,MAST2,SFRP4,LRRIQ3,DNASE2B,NBPF3,PLA2G2D,OR6B1,C8ORF48,GNRH1,CA1,WNT16,STEAP4,EXPH5,KLHL26,NBPF10,DMBT1,GBP1,CPS1,KLHL31,RAB23,CYP11B1,OR4A5,ETV1,GABRG1,NPVF,SLC13A1,TTI2,OR5M11,OTOGL,OR4K15,NTF3,CLEC12A,KLRC4,DDX47,PDE3A,GYS2,RASGEF1B,CHRNA9,SPATA18,DMP1,ADH4,CCNA2,TRIM42,AADAC,NAALADL2,HTR3E,HRG,NEIL3,DNAH8,ADGRF4,PKHD1,ARMC2,DAB2,C7,ADGRV1,LECT2,ZDHHC23,OR2T27,PPFIA4,USH2A,OR2G2,IL1F10,LYPD8,ALMS1,F13B,C1ORF162,TSHB,FLG2,SPTA1,OR6N1,OR10J1,SEC16B,CEP350,GCC2,TOPAZ1,FBXW12,OR5AC2,MYH15,BTLA,TATDN2,TTC21B,MYO3B,FSIP2,C2ORF88,PIKFYVE,ACADL,TGIF2LX"
"TF","Factor: MEIS1B:HOXA9; motif: TGACASTTTWAYRR; match class: 1","TF:M00421_1","false","0.0218051621061267","1.661440680302886","1597","630","82","20092","OR51B6,GAA,CCDC168,TTN,OR11G2,SPANXB1,PPP2R3A,ZNF804A,OR2M7,ALKBH3,HEATR1,EXO1,TMEM176B,CNTNAP4,OR4K1,OR8H2,PZP,CDH17,SLC7A13,ZNF30,BCO2,FAT3,NOX4,DNAH10,MDM1,EDA2R,NARS2,PPP1R3A,FAM186A,OR5W2,OR10H3,SH3BGR,ZNF404,CEACAM20,MTMR4,AP4E1,DIS3L,EME1,IQCH,PTPN21,MTHFSD,COG4,HYDIN,CLN5,NSMAF,COG6,HDGFL1,FAM25A,SYNE1,CYP4A22,IL23R,LRRIQ3,DNASE2B,CLCNKB,CA1,SLC45A4,EXPH5,NBPF10,FCRL1,FAM91A1,ETV1,NPVF,DENND5B,DYRK4,PDE3A,CABS1,DMP1,DZIP1L,HTR3E,EXOC3,SLC26A8,EPB41L4A,PCDHAC1,OR2G2,ALMS1,F13B,C1ORF162,PGLYRP4,OR10J1,CEP350,RNASEL,OR5AC2"
"TF","Factor: FOXP1; motif: TNTGTTTMY; match class: 1","TF:M09933_1","false","0.025985025795120794","1.5852768477203574","646","630","42","20092","FLG,HEATR1,OR4K1,OR8H2,PZP,REP15,BCO2,HCAR3,FAM186A,OR4C5,OR2AG2,SERPINB5,NACA2,CD300LD,SH3BGR,CEACAM20,PATL2,ATP8B4,EME1,EML1,ABHD12B,FAM187A,OR52E4,HOMEZ,TRIM5,ITGA8,RMDN1,SPON2,TTI2,OR5M11,OR4K15,CLEC12A,HTR3E,EXOC3,ZNF80,IL1F10,COX7A2L,TSHB,FLG2,RNASEL,MYH15,TTC21B"
"TF","Factor: CDP; motif: NWNATCGATTANYNN","TF:M00102","false","0.03232612565429871","1.4904463432630743","4151","630","175","20092","MYO3A,OR51B6,IL1RL1,PKD1L3,TTN,SPANXB1,PNLIPRP3,PPP2R3A,FLG,MALRD1,OR2M7,VWDE,ALKBH3,VWA3B,PATJ,CD164L2,TRIM51,OR8S1,CNTNAP4,OR8H2,NRAP,MROH2B,CLEC1B,CDH17,HRNR,SLC18A1,SLC7A13,THSD7A,PPFIBP1,ZNF30,OR8D1,STYK1,REP15,OR2F2,BCO2,FAT3,ESYT2,NME8,MMAB,CFAP54,SYT1,EDA2R,PPP1R3A,FAM186A,SCIN,USP35,PLCE1,PUM3,NTMT1,OR1L8,TNFSF15,PRUNE2,OR5F1,OR5W2,RP1L1,OR4X1,QSER1,OR2D3,HHLA1,OR52W1,OR52J3,MATN2,DCC,SERPINB13,CD226,CCDC178,CD300LD,WDR87,UQCC1,KRTAP22-1,A1BG,ZNF419,ZNF404,ZNF229,CEACAM20,ZIM3,SCN4A,MTMR4,AP4E1,KNL1,WDR76,EME1,RCN2,HSP90AA1,OR4L1,OR6S1,SYNDIG1L,OR2C1,HYDIN,RFWD3,CCDC170,CEP85L,OR4A16,CCDC86,TRIM64B,HOMEZ,VIPR2,NSMAF,TCTE1,MET,ALKBH1,HDGFL1,DKK2,L1TD1,CACHD1,IL23R,LRRIQ3,DNASE2B,TAS2R38,C8ORF48,CA1,RNF207,KLHL26,ITGA8,RMDN1,CYP2J2,GBP1,GOLGA6L6,SLC13A1,OR5M11,OTOGL,OR4K15,GC,LGALS9C,WNK1,DYRK4,NTF3,CLEC12A,GYS2,DDX11,TMEM165,DMP1,TTC29,TRIM42,AADAC,NAALADL2,HTR3D,HTR3E,AP2M1,HRG,NEIL3,F13A1,SYCP2L,SLC17A1,ADGRF5,ADGRF4,ASCC3,BTNL8,ATP10B,THG1L,C7,ADGRV1,LECT2,SLC6A7,OR2T27,CR2,USH2A,OR14I1,COX7A2L,ALMS1,F13B,C1ORF162,SPTA1,CEP350,RNASEL,C3ORF20,TOPAZ1,OR5AC2,MYH15,GPR35,GALNT3,MYO3B,FSIP2,MROH2A,TGIF2LX"
"TF","Factor: HOXD11; motif: NNYMATAAAA","TF:M04360","false","0.04201104296621382","1.3766365365327315","5069","630","206","20092","MUC3A,ANKRD36C,MUC16,OR51B6,IL1RL1,GAA,CCDC168,PKD1L3,TTN,OR11G2,OR51Q1,FLG,ADAM22,MALRD1,OR2M7,ATP13A5,EXO1,VWA3B,TRIM51,AKAP13,PDILT,GEN1,CNTNAP4,OR4K1,OR8H2,NRAP,OR4N2,MROH2B,CLEC1B,KIZ,CDH17,SLC18A1,PSD3,SLC7A13,THSD7A,MUT,PUS3,OR8D1,A2ML1,REP15,CRTAM,MCPH1,COG3,BCO2,FAT3,CDADC1,MMAB,HCAR3,CFAP54,SYT1,ZAN,NARS2,PPP1R3A,FAM186A,TMEM213,OR5B3,PUM3,HK1,ITIH5,KIF24,OR1L8,TNFSF15,TRPM3,MYO16,ZNF214,OR5F1,OR4C5,OR4X1,NLRP14,PSTK,SERPINB13,CD226,ACTL9,OR10H3,NWD1,CCDC178,AXIN2,FBXO27,SIRPD,BMP2,SRRD,LGALS14,ZNF233,ZNF229,CEACAM20,PIH1D1,ZIM3,AP4E1,KNL1,WDR76,IQCH,GOLGA6L9,PGPEP1L,NRDE2,OR4L1,TTC5,OR6S1,AKAP6,PTPN21,ZSCAN32,MTHFSD,PFAS,KRT24,PPL,PDPR,CCDC170,DNAH5,OR4A16,TRIM64B,OR52E4,CKAP2,SLAIN1,OR4C12,TRIM5,MTCH1,SPOCD1,MAST2,CACHD1,IL23R,LRRIQ3,DNASE2B,CELA3A,TAS2R38,C8ORF48,CA1,STEAP4,EXPH5,DMBT1,FAM91A1,CYP2J2,GBP1,SMAD5,CYP11B1,OR4A5,ETV1,ZNF365,POM121L2,NPVF,SLC13A1,OR4K15,COL9A1,TMEM132C,WNK1,DYRK4,CLEC12A,KLRC4,YBX3,DDX47,GYS2,TMTC1,DDX11,SPATA18,TMEM165,CABS1,ADAMTS3,DMP1,KLHL5,MCF2L2,DZIP1L,AADAC,NAALADL2,HTR3E,AP2M1,HRG,LSG1,SYCP2L,SLC26A8,DNAH8,ADGRF4,PKHD1,LCA5,COQ3,HUS1B,BTNL8,ATP10B,DAB2,C7,ZFYVE16,LECT2,ZDHHC23,USH2A,OR2G2,OR14I1,IL1F10,LYPD8,GSTM3,C1ORF162,TSHB,FLG2,SPTA1,CEP350,GCC2,TOPAZ1,FBXW12,LRP1B,FRMD4B,OR5AC2,BTLA,TATDN2,GPR35,TTC21B,FSIP2,C2ORF88,PIKFYVE,ACADL,COL4A4"
"HP","Absent sperm flagella","HP:0032558","false","0.010804794825229471","1.966383475621711","31","174","8","5080","DNAH17,DNHD1,DNAH10,TTC29,DNAH8,ARMC2,DRC1,FSIP2"
"HP","Abnormal sperm motility","HP:0012206","false","0.014261208398450055","1.8458436737447328","117","174","15","5080","DNAH17,DNHD1,NME8,DNAH10,BICC1,SUN5,HYDIN,DNAH5,TTC29,SLC26A8,DNAH8,ARMC2,DRC1,CFAP221,FSIP2"
"HP","Abnormal sperm physiology","HP:0034809","false","0.014261208398450055","1.8458436737447328","117","174","15","5080","DNAH17,DNHD1,NME8,DNAH10,BICC1,SUN5,HYDIN,DNAH5,TTC29,SLC26A8,DNAH8,ARMC2,DRC1,CFAP221,FSIP2"
"HP","Coiled sperm flagella","HP:0032560","false","0.035788040472379136","1.4462620801886623","36","174","8","5080","DNAH17,DNHD1,DNAH10,TTC29,DNAH8,ARMC2,DRC1,FSIP2"
